{
  "client": null,
  "entity": null,
  "specifications": [
    {
      "layer": "evaluation",
      "metadata": [
        {
          "rule_type": "rateanalysis",
          "rule_metadata": [
            {
              "rule_name": null,
              "overrides": {
                "rule_def.technique_args": [
                  {
                    "technique": "beta_bayesian",
                    "values": {
                      "max": 0.99,
                      "min": 0.01
                    }
                  },
                  {
                    "technique": "non_trend",
                    "values": {
                      "max": 0.999,
                      "min": 0.001
                    }
                  },
                  {
                    "technique": "trend",
                    "values": {
                      "max": 0.999,
                      "min": 0.001
                    }
                  },
                  {
                    "technique": "cosine",
                    "values": {
                      "distance_threshold": 0.99999,
                      "metric_threshold": 5
                    }
                  }
                ]
              }
            }
          ]
        },
        {
          "rule_type": "classdistanalysis",
          "rule_metadata": [
            {
              "rule_name": null,
              "overrides": {
                "rule_def.technique_args": [
                  {
                    "technique": "beta_bayesian",
                    "values": {
                      "max": 0.99,
                      "min": 0.01
                    }
                  },
                  {
                    "technique": "non_trend",
                    "values": {
                      "max": 0.999,
                      "min": 0.001
                    }
                  },
                  {
                    "technique": "trend",
                    "values": {
                      "max": 0.999,
                      "min": 0.001
                    }
                  },
                  {
                    "technique": "cosine",
                    "values": {
                      "distance_threshold": 0.99999,
                      "metric_threshold": 5
                    }
                  }
                ]
              }
            }
          ]
        },
        {
          "rule_type": "timeseriesanalysis",
          "rule_metadata": [
            {
              "rule_name": null,
              "overrides": {
                "rule_def.technique_args": []
              }
            }
          ]
        },
        {
          "rule_type": "mad_qreg_timeseriesanalysis",
          "rule_metadata": [
            {
              "rule_name": null,
              "overrides": {
                "rule_def.technique_args": [
                  {
                    "values": {
                      "rolling_window_size": 1,
                      "pertubation_constant": 0.005,
                      "epsilon_window_size": 2
                    },
                    "technique": "mad"
                  },
                  {
                    "values": {
                      "lower_quantile": 0.1,
                      "upper_quantile": 0.97,
                      "back_months_used": 3
                    },
                    "technique": "qreg"
                  },
                  {
                    "values": {
                      "cosine_threshold": 0.991,
                      "diff_threshold": 0.6,
                      "pct_drop_threshold": 5,
                      "mad_cosine_threshold": 0.00001,
                      "n_drop_threshold": 8,
                      "diff_strict": 0.93,
                      "prod_diff_threshold": 0.9,
                      "build_diff_mape_threshold": 4,
                      "scaling_factor": 1000
                    },
                    "technique": "distributioncomparison"
                  }
                ]
              }
            }
          ]
        },
        {
          "rule_type": "numdistanalysis",
          "rule_metadata": [
            {
              "rule_name": null,
              "overrides": {
                "rule_def.technique_args": [
                  {
                    "technique": "normal_distribution",
                    "values": {
                      "max": 0.9995,
                      "min": 0.0005
                    }
                  },
                  {
                    "technique": "ks",
                    "values": {
                      "max": 1.0,
                      "min": 0.001
                    }
                  }
                ]
              }
            }
          ]
        }
      ]
    },
    {
      "layer": "metric",
      "metadata": [
        {
          "rule_type": "rateofchange",
          "rule_metadata": [
            {
              "rule_name": null,
              "overrides": {
                "rule_def.max_date_expr": "null",
                "rule_def.min_date_expr": "null"
              }
            }
          ]
        }
      ]
    }
  ]
}
